{
    "data": "2025-07-18",
    "temperatura_maxima": 33.14899826049805,
    "temperatura_minima": 16.548999786376953,
    "temperatura_mitjana": 25.010000228881836
}