{
    "data": "2026-04-30",
    "temperatura_maxima": 23.89900016784668,
    "temperatura_minima": 8.085000038146973,
    "temperatura_mitjana": 16.239999771118164
}