{
    "data": "2025-11-18",
    "temperatura_maxima": 16.334999084472656,
    "temperatura_minima": -1.5509999990463257,
    "temperatura_mitjana": 6.210000038146973
}