{
    "data": "2025-07-03",
    "temperatura_maxima": 37.39899826049805,
    "temperatura_minima": 18.235000610351562,
    "temperatura_mitjana": 25.59000015258789
}