{
    "data": "2025-08-14",
    "temperatura_maxima": 39.5989990234375,
    "temperatura_minima": 16.8489990234375,
    "temperatura_mitjana": 26.889999389648438
}