{
    "data": "2025-12-27",
    "temperatura_maxima": 13.548999786376953,
    "temperatura_minima": -1.1649999618530273,
    "temperatura_mitjana": 5.539999961853027
}