{
    "data": "2025-12-25",
    "temperatura_maxima": 13.74899959564209,
    "temperatura_minima": 0.3850000500679016,
    "temperatura_mitjana": 6.71999979019165
}