{
    "data": "2026-02-12",
    "temperatura_maxima": 18.14900016784668,
    "temperatura_minima": 1.7990000247955322,
    "temperatura_mitjana": 9.75
}