{
    "data": "2026-07-04",
    "temperatura_maxima": 40.69900131225586,
    "temperatura_minima": 17.0989990234375,
    "temperatura_mitjana": 28.190000534057617
}