{
    "data": "2025-11-29",
    "temperatura_maxima": 14.49899959564209,
    "temperatura_minima": -1.3009999990463257,
    "temperatura_mitjana": 5.900000095367432
}