{
    "data": "2025-08-25",
    "temperatura_maxima": 33.89899826049805,
    "temperatura_minima": 13.6850004196167,
    "temperatura_mitjana": 23.209999084472656
}