{
    "data": "2025-09-27",
    "temperatura_maxima": 25.89900016784668,
    "temperatura_minima": 11.14900016784668,
    "temperatura_mitjana": 18.239999771118164
}