{
    "data": "2026-04-27",
    "temperatura_maxima": 24.64900016784668,
    "temperatura_minima": 7.448999881744385,
    "temperatura_mitjana": 16.309999465942383
}