{
    "data": "2025-09-11",
    "temperatura_maxima": 28.698999404907227,
    "temperatura_minima": 13.64900016784668,
    "temperatura_mitjana": 20.93000030517578
}