{
    "data": "2026-06-08",
    "temperatura_maxima": 31.78499984741211,
    "temperatura_minima": 12.085000038146973,
    "temperatura_mitjana": 21.600000381469727
}