{
    "data": "2025-11-02",
    "temperatura_maxima": 19.5989990234375,
    "temperatura_minima": 4.434999942779541,
    "temperatura_mitjana": 12.130000114440918
}