{
    "data": "2025-09-10",
    "temperatura_maxima": 29.048999786376953,
    "temperatura_minima": 13.698999404907227,
    "temperatura_mitjana": 21.450000762939453
}