{
    "data": "2025-08-13",
    "temperatura_maxima": 40.3489990234375,
    "temperatura_minima": 18.448999404907227,
    "temperatura_mitjana": 27.739999771118164
}