{
    "data": "2026-07-22",
    "temperatura_maxima": 36.94900131225586,
    "temperatura_minima": 17.448999404907227,
    "temperatura_mitjana": 27.139999389648438
}