{
    "data": "2025-06-08",
    "temperatura_maxima": 33.749000549316406,
    "temperatura_minima": 14.348999977111816,
    "temperatura_mitjana": 24.09000015258789
}