{
    "data": "2025-11-08",
    "temperatura_maxima": 19.634998321533203,
    "temperatura_minima": 3.8989999294281006,
    "temperatura_mitjana": 11.380000114440918
}