{
    "data": "2026-01-27",
    "temperatura_maxima": 14.484999656677246,
    "temperatura_minima": 0.9989999532699585,
    "temperatura_mitjana": 7.300000190734863
}