{
    "data": "2026-05-01",
    "temperatura_maxima": 24.298999786376953,
    "temperatura_minima": 9.734999656677246,
    "temperatura_mitjana": 15.960000038146973
}