{
    "data": "2026-05-15",
    "temperatura_maxima": 30.235000610351562,
    "temperatura_minima": 5.6489996910095215,
    "temperatura_mitjana": 16.729999542236328
}