{
    "data": "2025-06-04",
    "temperatura_maxima": 31.435001373291016,
    "temperatura_minima": 14.348999977111816,
    "temperatura_mitjana": 22.530000686645508
}