{
    "data": "2026-06-05",
    "temperatura_maxima": 31.14900016784668,
    "temperatura_minima": 14.99899959564209,
    "temperatura_mitjana": 21.979999542236328
}