{
    "data": "2026-05-19",
    "temperatura_maxima": 31.735000610351562,
    "temperatura_minima": 10.734999656677246,
    "temperatura_mitjana": 20.510000228881836
}