{
    "data": "2026-04-14",
    "temperatura_maxima": 25.948999404907227,
    "temperatura_minima": 4.249000072479248,
    "temperatura_mitjana": 15.6899995803833
}