{
    "data": "2025-12-13",
    "temperatura_maxima": 14.098999977111816,
    "temperatura_minima": 2.0989999771118164,
    "temperatura_mitjana": 7.809999942779541
}