{
    "data": "2026-06-04",
    "temperatura_maxima": 31.14900016784668,
    "temperatura_minima": 14.89900016784668,
    "temperatura_mitjana": 22.280000686645508
}