{
    "data": "2025-09-29",
    "temperatura_maxima": 24.8489990234375,
    "temperatura_minima": 11.298999786376953,
    "temperatura_mitjana": 17.530000686645508
}