{
    "data": "2026-01-28",
    "temperatura_maxima": 13.948999404907227,
    "temperatura_minima": 0.24899999797344208,
    "temperatura_mitjana": 6.730000019073486
}