{
    "data": "2025-10-24",
    "temperatura_maxima": 20.53499984741211,
    "temperatura_minima": 4.1489996910095215,
    "temperatura_mitjana": 12.800000190734863
}