{
    "data": "2026-04-16",
    "temperatura_maxima": 27.935001373291016,
    "temperatura_minima": 7.298999786376953,
    "temperatura_mitjana": 16.969999313354492
}