{
    "data": "2026-01-05",
    "temperatura_maxima": 12.335000038146973,
    "temperatura_minima": -3.9009997844696045,
    "temperatura_mitjana": 2.9600000381469727
}