{
    "data": "2025-05-21",
    "temperatura_maxima": 27.03499984741211,
    "temperatura_minima": 9.798999786376953,
    "temperatura_mitjana": 18.049999237060547
}