{
    "data": "2025-06-21",
    "temperatura_maxima": 37.94900131225586,
    "temperatura_minima": 16.135000228881836,
    "temperatura_mitjana": 26.540000915527344
}