{
    "data": "2025-06-30",
    "temperatura_maxima": 38.39899826049805,
    "temperatura_minima": 18.698999404907227,
    "temperatura_mitjana": 26.920000076293945
}