{
    "data": "2026-05-06",
    "temperatura_maxima": 22.298999786376953,
    "temperatura_minima": 8.048999786376953,
    "temperatura_mitjana": 14.399999618530273
}