{
    "data": "2026-05-23",
    "temperatura_maxima": 38.1349983215332,
    "temperatura_minima": 11.39900016784668,
    "temperatura_mitjana": 23.389999389648438
}