{
    "data": "2026-01-03",
    "temperatura_maxima": 12.635000228881836,
    "temperatura_minima": -2.1010000705718994,
    "temperatura_mitjana": 4.150000095367432
}