{
    "data": "2025-10-31",
    "temperatura_maxima": 22.999000549316406,
    "temperatura_minima": 5.698999881744385,
    "temperatura_mitjana": 13.40999984741211
}