{
    "data": "2025-09-26",
    "temperatura_maxima": 25.499000549316406,
    "temperatura_minima": 9.99899959564209,
    "temperatura_mitjana": 17.43000030517578
}