{
    "data": "2026-03-17",
    "temperatura_maxima": 20.499000549316406,
    "temperatura_minima": -1.1510000228881836,
    "temperatura_mitjana": 9.5600004196167
}