{
    "data": "2026-03-06",
    "temperatura_maxima": 16.634998321533203,
    "temperatura_minima": 6.1489996910095215,
    "temperatura_mitjana": 11.020000457763672
}