{
    "data": "2025-05-16",
    "temperatura_maxima": 26.499000549316406,
    "temperatura_minima": 8.99899959564209,
    "temperatura_mitjana": 17.469999313354492
}