{
    "data": "2026-02-28",
    "temperatura_maxima": 17.198999404907227,
    "temperatura_minima": 3.449000120162964,
    "temperatura_mitjana": 11.510000228881836
}