{
    "data": "2025-10-02",
    "temperatura_maxima": 28.834999084472656,
    "temperatura_minima": 10.74899959564209,
    "temperatura_mitjana": 18.709999084472656
}