{
    "data": "2025-06-12",
    "temperatura_maxima": 36.48500061035156,
    "temperatura_minima": 15.698999404907227,
    "temperatura_mitjana": 25.8700008392334
}