{
    "data": "2025-11-12",
    "temperatura_maxima": 20.3489990234375,
    "temperatura_minima": 3.949000120162964,
    "temperatura_mitjana": 12.369999885559082
}