{
    "data": "2026-06-18",
    "temperatura_maxima": 40.73500061035156,
    "temperatura_minima": 14.39900016784668,
    "temperatura_mitjana": 27.469999313354492
}