{
    "data": "2025-10-07",
    "temperatura_maxima": 25.749000549316406,
    "temperatura_minima": 8.24899959564209,
    "temperatura_mitjana": 17.170000076293945
}