{
    "data": "2026-04-26",
    "temperatura_maxima": 24.249000549316406,
    "temperatura_minima": 9.098999977111816,
    "temperatura_mitjana": 17.010000228881836
}