{
    "data": "2025-07-21",
    "temperatura_maxima": 33.3849983215332,
    "temperatura_minima": 15.78499984741211,
    "temperatura_mitjana": 23.420000076293945
}