{
    "data": "2025-09-14",
    "temperatura_maxima": 31.198999404907227,
    "temperatura_minima": 16.3489990234375,
    "temperatura_mitjana": 23.020000457763672
}