{
    "data": "2026-02-02",
    "temperatura_maxima": 14.49899959564209,
    "temperatura_minima": 0.0989999920129776,
    "temperatura_mitjana": 7.440000057220459
}