{
    "data": "2026-05-04",
    "temperatura_maxima": 25.485000610351562,
    "temperatura_minima": 7.848999977111816,
    "temperatura_mitjana": 15.779999732971191
}