{
    "data": "2025-09-12",
    "temperatura_maxima": 30.78499984741211,
    "temperatura_minima": 16.499000549316406,
    "temperatura_mitjana": 22.1200008392334
}