{
    "data": "2026-07-15",
    "temperatura_maxima": 39.94900131225586,
    "temperatura_minima": 18.084999084472656,
    "temperatura_mitjana": 27.6299991607666
}