{
    "data": "2025-09-04",
    "temperatura_maxima": 30.8489990234375,
    "temperatura_minima": 10.135000228881836,
    "temperatura_mitjana": 21.56999969482422
}