{
    "data": "2026-06-16",
    "temperatura_maxima": 38.28499984741211,
    "temperatura_minima": 15.548999786376953,
    "temperatura_mitjana": 26.06999969482422
}