{
    "data": "2025-07-05",
    "temperatura_maxima": 33.3849983215332,
    "temperatura_minima": 19.798999786376953,
    "temperatura_mitjana": 25.309999465942383
}