{
    "data": "2026-06-30",
    "temperatura_maxima": 40.334999084472656,
    "temperatura_minima": 17.999000549316406,
    "temperatura_mitjana": 27.020000457763672
}