{
    "data": "2025-11-04",
    "temperatura_maxima": 19.749000549316406,
    "temperatura_minima": 3.8350000381469727,
    "temperatura_mitjana": 11.579999923706055
}