{
    "data": "2025-11-10",
    "temperatura_maxima": 19.749000549316406,
    "temperatura_minima": 3.6489999294281006,
    "temperatura_mitjana": 11.649999618530273
}