{
    "data": "2025-07-11",
    "temperatura_maxima": 34.1349983215332,
    "temperatura_minima": 17.698999404907227,
    "temperatura_mitjana": 24.959999084472656
}