{
    "data": "2025-12-05",
    "temperatura_maxima": 15.74899959564209,
    "temperatura_minima": 2.0850000381469727,
    "temperatura_mitjana": 7.340000152587891
}