{
    "data": "2025-09-07",
    "temperatura_maxima": 31.5989990234375,
    "temperatura_minima": 12.99899959564209,
    "temperatura_mitjana": 21.1200008392334
}