{
    "data": "2025-12-23",
    "temperatura_maxima": 13.484999656677246,
    "temperatura_minima": 1.8489999771118164,
    "temperatura_mitjana": 6.110000133514404
}