{
    "data": "2025-12-22",
    "temperatura_maxima": 13.635000228881836,
    "temperatura_minima": 1.2350000143051147,
    "temperatura_mitjana": 6.239999771118164
}