{
    "data": "2026-04-18",
    "temperatura_maxima": 27.185001373291016,
    "temperatura_minima": 7.098999977111816,
    "temperatura_mitjana": 17.350000381469727
}