{
    "data": "2026-05-28",
    "temperatura_maxima": 36.3489990234375,
    "temperatura_minima": 13.448999404907227,
    "temperatura_mitjana": 24.170000076293945
}