{
    "data": "2025-06-27",
    "temperatura_maxima": 38.54899978637695,
    "temperatura_minima": 18.0989990234375,
    "temperatura_mitjana": 27.790000915527344
}