{
    "data": "2025-08-21",
    "temperatura_maxima": 31.0989990234375,
    "temperatura_minima": 16.548999786376953,
    "temperatura_mitjana": 22.6200008392334
}