{
    "data": "2026-05-03",
    "temperatura_maxima": 23.0989990234375,
    "temperatura_minima": 7.934999942779541,
    "temperatura_mitjana": 14.710000038146973
}