{
    "data": "2026-06-27",
    "temperatura_maxima": 37.1349983215332,
    "temperatura_minima": 16.39900016784668,
    "temperatura_mitjana": 27.079999923706055
}