{
    "data": "2026-02-20",
    "temperatura_maxima": 20.048999786376953,
    "temperatura_minima": 2.249000072479248,
    "temperatura_mitjana": 9.859999656677246
}