{
    "data": "2026-06-03",
    "temperatura_maxima": 31.985000610351562,
    "temperatura_minima": 14.298999786376953,
    "temperatura_mitjana": 22.209999084472656
}