{
    "data": "2025-10-04",
    "temperatura_maxima": 26.64900016784668,
    "temperatura_minima": 8.24899959564209,
    "temperatura_mitjana": 17.010000228881836
}