{
    "data": "2026-01-21",
    "temperatura_maxima": 12.085000038146973,
    "temperatura_minima": -0.8509999513626099,
    "temperatura_mitjana": 5.96999979019165
}