{
    "data": "2025-11-11",
    "temperatura_maxima": 19.999000549316406,
    "temperatura_minima": 4.098999977111816,
    "temperatura_mitjana": 11.130000114440918
}