{
    "data": "2025-06-09",
    "temperatura_maxima": 36.39899826049805,
    "temperatura_minima": 14.598999977111816,
    "temperatura_mitjana": 25.06999969482422
}