{
    "data": "2025-11-03",
    "temperatura_maxima": 19.698999404907227,
    "temperatura_minima": 5.684999942779541,
    "temperatura_mitjana": 12.010000228881836
}