{
    "data": "2026-02-01",
    "temperatura_maxima": 13.020500183105469,
    "temperatura_minima": 0.6489999890327454,
    "temperatura_mitjana": 6.730000019073486
}