{
    "data": "2025-12-08",
    "temperatura_maxima": 16.14900016784668,
    "temperatura_minima": 1.4490000009536743,
    "temperatura_mitjana": 7.090000152587891
}