{
    "data": "2025-11-20",
    "temperatura_maxima": 13.89900016784668,
    "temperatura_minima": -1.500999927520752,
    "temperatura_mitjana": 6.150000095367432
}