{
    "data": "2025-07-31",
    "temperatura_maxima": 32.48500061035156,
    "temperatura_minima": 17.5989990234375,
    "temperatura_mitjana": 24.610000610351562
}