{
    "data": "2026-04-21",
    "temperatura_maxima": 27.698999404907227,
    "temperatura_minima": 7.198999881744385,
    "temperatura_mitjana": 17.0
}