{
    "data": "2026-05-16",
    "temperatura_maxima": 31.985000610351562,
    "temperatura_minima": 5.948999881744385,
    "temperatura_mitjana": 17.860000610351562
}