{
    "data": "2026-06-01",
    "temperatura_maxima": 29.948999404907227,
    "temperatura_minima": 13.698999404907227,
    "temperatura_mitjana": 21.100000381469727
}