{
    "data": "2025-07-26",
    "temperatura_maxima": 30.334999084472656,
    "temperatura_minima": 15.448999404907227,
    "temperatura_mitjana": 22.5
}