{
    "data": "2026-03-11",
    "temperatura_maxima": 18.735000610351562,
    "temperatura_minima": 3.199000120162964,
    "temperatura_mitjana": 10.729999542236328
}