{
    "data": "2026-04-01",
    "temperatura_maxima": 24.798999786376953,
    "temperatura_minima": 2.3489999771118164,
    "temperatura_mitjana": 12.989999771118164
}