{
    "data": "2026-01-01",
    "temperatura_maxima": 10.048999786376953,
    "temperatura_minima": -4.965000152587891,
    "temperatura_mitjana": 2.2200000286102295
}