{
    "data": "2026-02-24",
    "temperatura_maxima": 21.64900016784668,
    "temperatura_minima": 2.3350000381469727,
    "temperatura_mitjana": 10.300000190734863
}