{
    "data": "2025-11-26",
    "temperatura_maxima": 15.03499984741211,
    "temperatura_minima": -1.6510000228881836,
    "temperatura_mitjana": 6.480000019073486
}