{
    "data": "2026-02-21",
    "temperatura_maxima": 20.948999404907227,
    "temperatura_minima": 2.1989998817443848,
    "temperatura_mitjana": 10.380000114440918
}