{
    "data": "2025-10-13",
    "temperatura_maxima": 23.53499984741211,
    "temperatura_minima": 10.24899959564209,
    "temperatura_mitjana": 16.899999618530273
}