{
    "data": "2026-03-03",
    "temperatura_maxima": 17.5989990234375,
    "temperatura_minima": 5.448999881744385,
    "temperatura_mitjana": 11.760000228881836
}