{
    "data": "2026-01-04",
    "temperatura_maxima": 12.635000228881836,
    "temperatura_minima": -4.3510003089904785,
    "temperatura_mitjana": 4.170000076293945
}