{
    "data": "2025-06-26",
    "temperatura_maxima": 38.68499755859375,
    "temperatura_minima": 17.64900016784668,
    "temperatura_mitjana": 27.479999542236328
}