{
    "data": "2026-05-09",
    "temperatura_maxima": 24.14900016784668,
    "temperatura_minima": 7.585000038146973,
    "temperatura_mitjana": 14.760000228881836
}