{
    "data": "2026-01-23",
    "temperatura_maxima": 14.198999404907227,
    "temperatura_minima": -0.1509999930858612,
    "temperatura_mitjana": 6.0
}