{
    "data": "2026-01-14",
    "temperatura_maxima": 13.698999404907227,
    "temperatura_minima": 0.9490000009536743,
    "temperatura_mitjana": 6.289999961853027
}