{
    "data": "2026-01-06",
    "temperatura_maxima": 14.135000228881836,
    "temperatura_minima": -4.901000022888184,
    "temperatura_mitjana": 4.0
}