{
    "data": "2026-03-09",
    "temperatura_maxima": 18.548999786376953,
    "temperatura_minima": 4.434999942779541,
    "temperatura_mitjana": 9.710000038146973
}