{
    "data": "2026-05-02",
    "temperatura_maxima": 22.8489990234375,
    "temperatura_minima": 7.99899959564209,
    "temperatura_mitjana": 15.170000076293945
}