{
    "data": "2026-02-14",
    "temperatura_maxima": 17.64900016784668,
    "temperatura_minima": 2.8989999294281006,
    "temperatura_mitjana": 9.4399995803833
}