{
    "data": "2025-07-27",
    "temperatura_maxima": 30.249000549316406,
    "temperatura_minima": 16.448999404907227,
    "temperatura_mitjana": 22.920000076293945
}