{
    "data": "2026-03-14",
    "temperatura_maxima": 18.048999786376953,
    "temperatura_minima": 0.04899999499320984,
    "temperatura_mitjana": 9.390000343322754
}