{
    "data": "2025-06-22",
    "temperatura_maxima": 38.64899826049805,
    "temperatura_minima": 16.749000549316406,
    "temperatura_mitjana": 26.709999084472656
}