{
    "data": "2026-06-13",
    "temperatura_maxima": 35.69900131225586,
    "temperatura_minima": 13.085000038146973,
    "temperatura_mitjana": 24.6200008392334
}