{
    "data": "2026-04-19",
    "temperatura_maxima": 27.198999404907227,
    "temperatura_minima": 6.485000133514404,
    "temperatura_mitjana": 16.610000610351562
}