{
    "data": "2025-12-11",
    "temperatura_maxima": 14.348999977111816,
    "temperatura_minima": 1.4490000009536743,
    "temperatura_mitjana": 6.860000133514404
}