{
    "data": "2025-12-21",
    "temperatura_maxima": 12.39900016784668,
    "temperatura_minima": -0.06499993801116943,
    "temperatura_mitjana": 5.420000076293945
}