{
    "data": "2026-03-16",
    "temperatura_maxima": 19.448999404907227,
    "temperatura_minima": 0.24899999797344208,
    "temperatura_mitjana": 9.149999618530273
}