{
    "data": "2026-04-07",
    "temperatura_maxima": 29.249000549316406,
    "temperatura_minima": 2.434999942779541,
    "temperatura_mitjana": 14.930000305175781
}