{
    "data": "2025-11-16",
    "temperatura_maxima": 17.0989990234375,
    "temperatura_minima": 0.23500004410743713,
    "temperatura_mitjana": 7.610000133514404
}