{
    "data": "2026-02-17",
    "temperatura_maxima": 19.884998321533203,
    "temperatura_minima": 4.098999977111816,
    "temperatura_mitjana": 9.979999542236328
}