{
    "data": "2026-06-23",
    "temperatura_maxima": 37.39899826049805,
    "temperatura_minima": 16.999000549316406,
    "temperatura_mitjana": 27.309999465942383
}