{
    "data": "2026-03-04",
    "temperatura_maxima": 17.948999404907227,
    "temperatura_minima": 4.135000228881836,
    "temperatura_mitjana": 10.899999618530273
}