{
    "data": "2026-06-24",
    "temperatura_maxima": 37.14899826049805,
    "temperatura_minima": 17.198999404907227,
    "temperatura_mitjana": 26.969999313354492
}