{
    "data": "2026-06-19",
    "temperatura_maxima": 38.78499984741211,
    "temperatura_minima": 14.89900016784668,
    "temperatura_mitjana": 27.75
}