{
    "data": "2025-10-28",
    "temperatura_maxima": 23.39900016784668,
    "temperatura_minima": 4.298999786376953,
    "temperatura_mitjana": 13.640000343322754
}