{
    "data": "2026-07-19",
    "temperatura_maxima": 37.249000549316406,
    "temperatura_minima": 16.385000228881836,
    "temperatura_mitjana": 27.219999313354492
}