{
    "data": "2026-06-20",
    "temperatura_maxima": 39.6349983215332,
    "temperatura_minima": 15.24899959564209,
    "temperatura_mitjana": 27.719999313354492
}