{
    "data": "2025-09-30",
    "temperatura_maxima": 25.834999084472656,
    "temperatura_minima": 9.78499984741211,
    "temperatura_mitjana": 17.860000610351562
}