{
    "data": "2026-06-25",
    "temperatura_maxima": 36.749000549316406,
    "temperatura_minima": 16.798999786376953,
    "temperatura_mitjana": 26.860000610351562
}