{
    "data": "2025-12-20",
    "temperatura_maxima": 11.348999977111816,
    "temperatura_minima": 0.33500003814697266,
    "temperatura_mitjana": 5.880000114440918
}