{
    "data": "2025-09-18",
    "temperatura_maxima": 29.39900016784668,
    "temperatura_minima": 8.385000228881836,
    "temperatura_mitjana": 19.110000610351562
}