{
    "data": "2026-01-16",
    "temperatura_maxima": 11.4350004196167,
    "temperatura_minima": 0.5490000247955322,
    "temperatura_mitjana": 7.25
}