{
    "data": "2026-05-29",
    "temperatura_maxima": 33.499000549316406,
    "temperatura_minima": 14.135000228881836,
    "temperatura_mitjana": 23.25
}