{
    "data": "2026-03-23",
    "temperatura_maxima": 20.0989990234375,
    "temperatura_minima": -1.0149999856948853,
    "temperatura_mitjana": 9.9399995803833
}