{
    "data": "2026-03-20",
    "temperatura_maxima": 20.134998321533203,
    "temperatura_minima": -1.000999927520752,
    "temperatura_mitjana": 9.609999656677246
}