{
    "data": "2025-08-07",
    "temperatura_maxima": 39.6349983215332,
    "temperatura_minima": 18.048999786376953,
    "temperatura_mitjana": 26.959999084472656
}