{
    "data": "2026-02-09",
    "temperatura_maxima": 17.948999404907227,
    "temperatura_minima": 1.6850000619888306,
    "temperatura_mitjana": 10.0
}