{
    "data": "2025-11-06",
    "temperatura_maxima": 17.735000610351562,
    "temperatura_minima": 3.999000072479248,
    "temperatura_mitjana": 10.829999923706055
}