{
    "data": "2026-01-13",
    "temperatura_maxima": 13.448999404907227,
    "temperatura_minima": -0.2510000169277191,
    "temperatura_mitjana": 6.099999904632568
}