{
    "data": "2026-04-11",
    "temperatura_maxima": 28.249000549316406,
    "temperatura_minima": 4.49899959564209,
    "temperatura_mitjana": 14.760000228881836
}