{
    "data": "2025-06-16",
    "temperatura_maxima": 36.1349983215332,
    "temperatura_minima": 16.64900016784668,
    "temperatura_mitjana": 25.639999389648438
}