{
    "data": "2026-04-29",
    "temperatura_maxima": 24.048999786376953,
    "temperatura_minima": 10.49899959564209,
    "temperatura_mitjana": 16.260000228881836
}