{
    "data": "2026-04-20",
    "temperatura_maxima": 26.249000549316406,
    "temperatura_minima": 5.99899959564209,
    "temperatura_mitjana": 16.510000228881836
}