{
    "data": "2025-07-29",
    "temperatura_maxima": 32.6349983215332,
    "temperatura_minima": 16.8489990234375,
    "temperatura_mitjana": 23.450000762939453
}