{
    "data": "2025-06-02",
    "temperatura_maxima": 33.68499755859375,
    "temperatura_minima": 13.798999786376953,
    "temperatura_mitjana": 22.079999923706055
}