{
    "data": "2025-05-17",
    "temperatura_maxima": 26.3489990234375,
    "temperatura_minima": 8.385000228881836,
    "temperatura_mitjana": 17.110000610351562
}