{
    "data": "2025-08-04",
    "temperatura_maxima": 33.64899826049805,
    "temperatura_minima": 17.499000549316406,
    "temperatura_mitjana": 25.049999237060547
}