{
    "data": "2026-03-15",
    "temperatura_maxima": 19.448999404907227,
    "temperatura_minima": 0.7990000247955322,
    "temperatura_mitjana": 9.5
}