{
    "data": "2025-09-21",
    "temperatura_maxima": 23.499000549316406,
    "temperatura_minima": 9.048999786376953,
    "temperatura_mitjana": 16.059999465942383
}