{
    "data": "2026-01-07",
    "temperatura_maxima": 15.1850004196167,
    "temperatura_minima": -4.8510003089904785,
    "temperatura_mitjana": 4.900000095367432
}