{
    "data": "2026-07-03",
    "temperatura_maxima": 41.04899978637695,
    "temperatura_minima": 16.048999786376953,
    "temperatura_mitjana": 27.450000762939453
}