{
    "data": "2025-07-13",
    "temperatura_maxima": 33.93499755859375,
    "temperatura_minima": 16.099000930786133,
    "temperatura_mitjana": 25.700000762939453
}