{
    "data": "2026-03-21",
    "temperatura_maxima": 19.89900016784668,
    "temperatura_minima": -0.5010000467300415,
    "temperatura_mitjana": 9.430000305175781
}