{
    "data": "2026-03-13",
    "temperatura_maxima": 20.548999786376953,
    "temperatura_minima": 0.29899999499320984,
    "temperatura_mitjana": 9.479999542236328
}