{
    "data": "2025-07-09",
    "temperatura_maxima": 34.6349983215332,
    "temperatura_minima": 18.048999786376953,
    "temperatura_mitjana": 24.799999237060547
}