{
    "data": "2025-06-28",
    "temperatura_maxima": 39.0989990234375,
    "temperatura_minima": 18.485000610351562,
    "temperatura_mitjana": 28.030000686645508
}