{
    "data": "2025-11-05",
    "temperatura_maxima": 18.5989990234375,
    "temperatura_minima": 2.8350000381469727,
    "temperatura_mitjana": 11.430000305175781
}