{
    "data": "2025-07-19",
    "temperatura_maxima": 33.64899826049805,
    "temperatura_minima": 16.39900016784668,
    "temperatura_mitjana": 24.239999771118164
}