{
    "data": "2026-01-09",
    "temperatura_maxima": 14.734999656677246,
    "temperatura_minima": -0.9010000228881836,
    "temperatura_mitjana": 5.849999904632568
}