{
    "data": "2026-03-08",
    "temperatura_maxima": 18.03499984741211,
    "temperatura_minima": 4.485000133514404,
    "temperatura_mitjana": 10.270000457763672
}