{
    "data": "2026-05-18",
    "temperatura_maxima": 29.448999404907227,
    "temperatura_minima": 8.448999404907227,
    "temperatura_mitjana": 19.350000381469727
}