{
    "data": "2026-07-17",
    "temperatura_maxima": 36.8489990234375,
    "temperatura_minima": 18.584999084472656,
    "temperatura_mitjana": 27.31999969482422
}