{
    "data": "2026-03-19",
    "temperatura_maxima": 24.634998321533203,
    "temperatura_minima": -1.4010000228881836,
    "temperatura_mitjana": 10.550000190734863
}