{
    "data": "2026-04-02",
    "temperatura_maxima": 24.749000549316406,
    "temperatura_minima": 4.684999942779541,
    "temperatura_mitjana": 13.119999885559082
}