{
    "data": "2025-06-29",
    "temperatura_maxima": 38.29899978637695,
    "temperatura_minima": 17.798999786376953,
    "temperatura_mitjana": 27.18000030517578
}