{
    "data": "2026-02-05",
    "temperatura_maxima": 15.585000038146973,
    "temperatura_minima": 0.6489999890327454,
    "temperatura_mitjana": 7.900000095367432
}