{
    "data": "2025-10-27",
    "temperatura_maxima": 21.634998321533203,
    "temperatura_minima": 4.548999786376953,
    "temperatura_mitjana": 13.380000114440918
}