{
    "data": "2025-11-17",
    "temperatura_maxima": 16.749000549316406,
    "temperatura_minima": -0.0010000169277191162,
    "temperatura_mitjana": 6.710000038146973
}