{
    "data": "2025-10-19",
    "temperatura_maxima": 28.198999404907227,
    "temperatura_minima": 11.14900016784668,
    "temperatura_mitjana": 17.579999923706055
}