{
    "data": "2026-03-29",
    "temperatura_maxima": 21.8489990234375,
    "temperatura_minima": -0.5509999990463257,
    "temperatura_mitjana": 11.170000076293945
}