{
    "data": "2026-03-05",
    "temperatura_maxima": 15.984999656677246,
    "temperatura_minima": 4.49899959564209,
    "temperatura_mitjana": 11.069999694824219
}