{
    "data": "2025-09-05",
    "temperatura_maxima": 31.448999404907227,
    "temperatura_minima": 12.234999656677246,
    "temperatura_mitjana": 21.799999237060547
}