{
    "data": "2025-12-04",
    "temperatura_maxima": 17.334999084472656,
    "temperatura_minima": 1.0490000247955322,
    "temperatura_mitjana": 6.690000057220459
}