{
    "data": "2025-08-01",
    "temperatura_maxima": 33.999000549316406,
    "temperatura_minima": 17.0989990234375,
    "temperatura_mitjana": 24.56999969482422
}