{
    "data": "2026-03-26",
    "temperatura_maxima": 24.185001373291016,
    "temperatura_minima": -1.1009999513626099,
    "temperatura_mitjana": 11.039999961853027
}