{
    "data": "2026-01-25",
    "temperatura_maxima": 13.234999656677246,
    "temperatura_minima": 0.7990000247955322,
    "temperatura_mitjana": 7.400000095367432
}