{
    "data": "2026-07-11",
    "temperatura_maxima": 37.3849983215332,
    "temperatura_minima": 17.298999786376953,
    "temperatura_mitjana": 27.600000381469727
}