{
    "data": "2026-04-22",
    "temperatura_maxima": 28.8489990234375,
    "temperatura_minima": 4.298999786376953,
    "temperatura_mitjana": 16.329999923706055
}