{
    "data": "2025-08-19",
    "temperatura_maxima": 31.584999084472656,
    "temperatura_minima": 16.685001373291016,
    "temperatura_mitjana": 23.100000381469727
}