{
    "data": "2025-12-09",
    "temperatura_maxima": 15.89900016784668,
    "temperatura_minima": 2.249000072479248,
    "temperatura_mitjana": 7.190000057220459
}