{
    "data": "2025-11-23",
    "temperatura_maxima": 14.39900016784668,
    "temperatura_minima": -3.6649999618530273,
    "temperatura_mitjana": 4.840000152587891
}