{
    "data": "2025-07-28",
    "temperatura_maxima": 31.384998321533203,
    "temperatura_minima": 17.64900016784668,
    "temperatura_mitjana": 23.239999771118164
}