{
    "data": "2025-05-29",
    "temperatura_maxima": 32.69900131225586,
    "temperatura_minima": 12.984999656677246,
    "temperatura_mitjana": 22.389999389648438
}