{
    "data": "2025-08-17",
    "temperatura_maxima": 41.249000549316406,
    "temperatura_minima": 16.198999404907227,
    "temperatura_mitjana": 24.40999984741211
}