{
    "data": "2026-01-10",
    "temperatura_maxima": 14.298999786376953,
    "temperatura_minima": -0.8009999990463257,
    "temperatura_mitjana": 5.71999979019165
}