{
    "data": "2025-10-16",
    "temperatura_maxima": 25.03499984741211,
    "temperatura_minima": 11.048999786376953,
    "temperatura_mitjana": 16.65999984741211
}