{
    "data": "2025-11-13",
    "temperatura_maxima": 19.999000549316406,
    "temperatura_minima": 3.8350000381469727,
    "temperatura_mitjana": 11.630000114440918
}