{
    "data": "2025-11-14",
    "temperatura_maxima": 18.548999786376953,
    "temperatura_minima": 2.434999942779541,
    "temperatura_mitjana": 10.140000343322754
}