{
    "data": "2025-10-22",
    "temperatura_maxima": 24.5989990234375,
    "temperatura_minima": 6.6489996910095215,
    "temperatura_mitjana": 14.109999656677246
}