{
    "data": "2026-04-13",
    "temperatura_maxima": 25.28499984741211,
    "temperatura_minima": 5.24899959564209,
    "temperatura_mitjana": 15.100000381469727
}