{
    "data": "2026-01-15",
    "temperatura_maxima": 13.64900016784668,
    "temperatura_minima": 0.19900000095367432,
    "temperatura_mitjana": 7.110000133514404
}