{
    "data": "2025-08-11",
    "temperatura_maxima": 39.53499984741211,
    "temperatura_minima": 18.499000549316406,
    "temperatura_mitjana": 28.520000457763672
}