{
    "data": "2026-07-18",
    "temperatura_maxima": 36.04899978637695,
    "temperatura_minima": 17.999000549316406,
    "temperatura_mitjana": 26.639999389648438
}