{
    "data": "2026-07-21",
    "temperatura_maxima": 37.39899826049805,
    "temperatura_minima": 17.5989990234375,
    "temperatura_mitjana": 27.34000015258789
}