{
    "data": "2025-11-30",
    "temperatura_maxima": 13.098999977111816,
    "temperatura_minima": -1.0509999990463257,
    "temperatura_mitjana": 4.380000114440918
}