{
    "data": "2025-11-07",
    "temperatura_maxima": 18.28499984741211,
    "temperatura_minima": 3.5989999771118164,
    "temperatura_mitjana": 10.470000267028809
}