{
    "data": "2025-12-02",
    "temperatura_maxima": 17.834999084472656,
    "temperatura_minima": -1.2009999752044678,
    "temperatura_mitjana": 6.800000190734863
}