{
    "data": "2026-04-15",
    "temperatura_maxima": 27.435001373291016,
    "temperatura_minima": 3.499000072479248,
    "temperatura_mitjana": 16.6200008392334
}