{
    "data": "2026-03-28",
    "temperatura_maxima": 21.198999404907227,
    "temperatura_minima": -0.9509999752044678,
    "temperatura_mitjana": 10.319999694824219
}