{
    "data": "2025-12-06",
    "temperatura_maxima": 16.048999786376953,
    "temperatura_minima": 1.8990000486373901,
    "temperatura_mitjana": 7.679999828338623
}