{
    "data": "2026-01-26",
    "temperatura_maxima": 13.885000228881836,
    "temperatura_minima": 0.6990000009536743,
    "temperatura_mitjana": 7.420000076293945
}