{
    "data": "2025-05-18",
    "temperatura_maxima": 26.3489990234375,
    "temperatura_minima": 7.034999847412109,
    "temperatura_mitjana": 16.690000534057617
}