{
    "data": "2026-06-10",
    "temperatura_maxima": 34.03499984741211,
    "temperatura_minima": 12.098999977111816,
    "temperatura_mitjana": 22.649999618530273
}