{
    "data": "2026-01-11",
    "temperatura_maxima": 13.698999404907227,
    "temperatura_minima": -1.000999927520752,
    "temperatura_mitjana": 5.110000133514404
}