{
    "data": "2025-08-16",
    "temperatura_maxima": 42.14899826049805,
    "temperatura_minima": 17.935001373291016,
    "temperatura_mitjana": 25.1200008392334
}