{
    "data": "2025-05-27",
    "temperatura_maxima": 32.14900207519531,
    "temperatura_minima": 12.798999786376953,
    "temperatura_mitjana": 21.850000381469727
}