{
    "data": "2025-06-18",
    "temperatura_maxima": 35.89899826049805,
    "temperatura_minima": 15.4350004196167,
    "temperatura_mitjana": 25.709999084472656
}