{
    "data": "2026-03-07",
    "temperatura_maxima": 16.798999786376953,
    "temperatura_minima": 6.184999942779541,
    "temperatura_mitjana": 10.279999732971191
}