{
    "data": "2025-07-02",
    "temperatura_maxima": 37.64899826049805,
    "temperatura_minima": 17.048999786376953,
    "temperatura_mitjana": 25.6200008392334
}