{
    "data": "2026-07-08",
    "temperatura_maxima": 39.8489990234375,
    "temperatura_minima": 17.884998321533203,
    "temperatura_mitjana": 28.209999084472656
}