{
    "data": "2026-07-20",
    "temperatura_maxima": 38.53499984741211,
    "temperatura_minima": 17.0989990234375,
    "temperatura_mitjana": 27.440000534057617
}