{
    "data": "2026-05-22",
    "temperatura_maxima": 33.78499984741211,
    "temperatura_minima": 11.598999977111816,
    "temperatura_mitjana": 22.56999969482422
}