{
    "data": "2026-01-29",
    "temperatura_maxima": 13.39900016784668,
    "temperatura_minima": -0.2510000169277191,
    "temperatura_mitjana": 6.75
}