{
    "data": "2026-07-23",
    "temperatura_maxima": 36.584999084472656,
    "temperatura_minima": 17.249000549316406,
    "temperatura_mitjana": 26.200000762939453
}