{
    "data": "2025-10-01",
    "temperatura_maxima": 26.999000549316406,
    "temperatura_minima": 8.28499984741211,
    "temperatura_mitjana": 17.579999923706055
}