{
    "data": "2026-01-08",
    "temperatura_maxima": 14.64900016784668,
    "temperatura_minima": -1.000999927520752,
    "temperatura_mitjana": 5.409999847412109
}