{
    "data": "2026-07-14",
    "temperatura_maxima": 40.19900131225586,
    "temperatura_minima": 19.3489990234375,
    "temperatura_mitjana": 28.420000076293945
}