{
    "data": "2026-02-15",
    "temperatura_maxima": 17.64900016784668,
    "temperatura_minima": 2.134999990463257,
    "temperatura_mitjana": 9.329999923706055
}