{
    "data": "2025-08-20",
    "temperatura_maxima": 31.3489990234375,
    "temperatura_minima": 16.89900016784668,
    "temperatura_mitjana": 22.850000381469727
}