{
    "data": "2026-05-13",
    "temperatura_maxima": 28.78499984741211,
    "temperatura_minima": 5.74899959564209,
    "temperatura_mitjana": 15.229999542236328
}