{
    "data": "2025-09-24",
    "temperatura_maxima": 25.3489990234375,
    "temperatura_minima": 8.798999786376953,
    "temperatura_mitjana": 16.6299991607666
}