{
    "data": "2025-09-03",
    "temperatura_maxima": 31.485000610351562,
    "temperatura_minima": 13.048999786376953,
    "temperatura_mitjana": 22.540000915527344
}