{
    "data": "2025-07-23",
    "temperatura_maxima": 32.084999084472656,
    "temperatura_minima": 15.74899959564209,
    "temperatura_mitjana": 22.8799991607666
}