{
    "data": "2025-11-24",
    "temperatura_maxima": 14.74899959564209,
    "temperatura_minima": -2.8510000705718994,
    "temperatura_mitjana": 6.320000171661377
}