{
    "data": "2026-02-16",
    "temperatura_maxima": 17.64900016784668,
    "temperatura_minima": 0.7850000262260437,
    "temperatura_mitjana": 9.140000343322754
}