{
    "data": "2025-07-30",
    "temperatura_maxima": 33.18499755859375,
    "temperatura_minima": 17.3489990234375,
    "temperatura_mitjana": 24.260000228881836
}