{
    "data": "2025-11-27",
    "temperatura_maxima": 14.335000038146973,
    "temperatura_minima": -2.3510000705718994,
    "temperatura_mitjana": 5.519999980926514
}