{
    "data": "2026-07-05",
    "temperatura_maxima": 41.29899978637695,
    "temperatura_minima": 17.14900016784668,
    "temperatura_mitjana": 28.829999923706055
}