{
    "data": "2025-11-25",
    "temperatura_maxima": 14.548999786376953,
    "temperatura_minima": -2.550999879837036,
    "temperatura_mitjana": 5.559999942779541
}