{
    "data": "2026-05-05",
    "temperatura_maxima": 22.334999084472656,
    "temperatura_minima": 7.698999881744385,
    "temperatura_mitjana": 14.960000038146973
}