{
    "data": "2026-01-12",
    "temperatura_maxima": 13.24899959564209,
    "temperatura_minima": -1.1009999513626099,
    "temperatura_mitjana": 5.590000152587891
}