{
    "data": "2025-12-30",
    "temperatura_maxima": 10.598999977111816,
    "temperatura_minima": -4.364999771118164,
    "temperatura_mitjana": 3.930000066757202
}