{
    "data": "2025-08-09",
    "temperatura_maxima": 39.1349983215332,
    "temperatura_minima": 17.78499984741211,
    "temperatura_mitjana": 27.93000030517578
}