{
    "data": "2025-11-28",
    "temperatura_maxima": 14.448999404907227,
    "temperatura_minima": -2.3510000705718994,
    "temperatura_mitjana": 4.849999904632568
}