{
    "data": "2026-04-28",
    "temperatura_maxima": 24.798999786376953,
    "temperatura_minima": 7.948999881744385,
    "temperatura_mitjana": 15.979999542236328
}