{
    "data": "2025-06-11",
    "temperatura_maxima": 35.64899826049805,
    "temperatura_minima": 14.99899959564209,
    "temperatura_mitjana": 25.200000762939453
}