{
    "data": "2026-06-02",
    "temperatura_maxima": 30.999000549316406,
    "temperatura_minima": 14.74899959564209,
    "temperatura_mitjana": 21.479999542236328
}