{
    "data": "2026-06-06",
    "temperatura_maxima": 30.198999404907227,
    "temperatura_minima": 13.03499984741211,
    "temperatura_mitjana": 21.15999984741211
}