{
    "data": "2025-07-14",
    "temperatura_maxima": 34.89899826049805,
    "temperatura_minima": 17.64900016784668,
    "temperatura_mitjana": 25.709999084472656
}