{
    "data": "2025-12-17",
    "temperatura_maxima": 14.098999977111816,
    "temperatura_minima": 3.499000072479248,
    "temperatura_mitjana": 7.5
}