{
    "data": "2026-06-07",
    "temperatura_maxima": 30.685001373291016,
    "temperatura_minima": 13.298999786376953,
    "temperatura_mitjana": 21.510000228881836
}