{
    "data": "2026-02-10",
    "temperatura_maxima": 16.448999404907227,
    "temperatura_minima": 0.8850000500679016,
    "temperatura_mitjana": 10.640000343322754
}