{
    "data": "2026-01-02",
    "temperatura_maxima": 11.64900016784668,
    "temperatura_minima": -2.6649999618530273,
    "temperatura_mitjana": 3.440000057220459
}