{
    "data": "2026-05-24",
    "temperatura_maxima": 38.73500061035156,
    "temperatura_minima": 10.298999786376953,
    "temperatura_mitjana": 23.559999465942383
}