{
    "data": "2025-08-24",
    "temperatura_maxima": 32.79899978637695,
    "temperatura_minima": 13.6850004196167,
    "temperatura_mitjana": 23.209999084472656
}