{
    "data": "2026-01-17",
    "temperatura_maxima": 12.53499984741211,
    "temperatura_minima": 1.4850000143051147,
    "temperatura_mitjana": 7.639999866485596
}