{
    "data": "2025-09-08",
    "temperatura_maxima": 27.134998321533203,
    "temperatura_minima": 14.835000038146973,
    "temperatura_mitjana": 20.610000610351562
}