{
    "data": "2026-01-18",
    "temperatura_maxima": 11.99899959564209,
    "temperatura_minima": 0.0350000262260437,
    "temperatura_mitjana": 6.699999809265137
}