{
    "data": "2026-06-12",
    "temperatura_maxima": 34.18499755859375,
    "temperatura_minima": 12.298999786376953,
    "temperatura_mitjana": 24.350000381469727
}