{
    "data": "2025-12-15",
    "temperatura_maxima": 15.198999404907227,
    "temperatura_minima": 3.0490000247955322,
    "temperatura_mitjana": 8.260000228881836
}