{
    "data": "2025-08-23",
    "temperatura_maxima": 33.749000549316406,
    "temperatura_minima": 16.3489990234375,
    "temperatura_mitjana": 23.670000076293945
}