{
    "data": "2026-05-17",
    "temperatura_maxima": 29.685001373291016,
    "temperatura_minima": 7.548999786376953,
    "temperatura_mitjana": 18.639999389648438
}