{
    "data": "2025-07-10",
    "temperatura_maxima": 34.73500061035156,
    "temperatura_minima": 18.249000549316406,
    "temperatura_mitjana": 24.790000915527344
}