{
    "data": "2026-02-03",
    "temperatura_maxima": 14.598999977111816,
    "temperatura_minima": 0.3490000069141388,
    "temperatura_mitjana": 7.420000076293945
}