{
    "data": "2026-05-27",
    "temperatura_maxima": 35.94900131225586,
    "temperatura_minima": 12.048999786376953,
    "temperatura_mitjana": 23.969999313354492
}