{
    "data": "2025-12-28",
    "temperatura_maxima": 13.198999404907227,
    "temperatura_minima": -1.3149999380111694,
    "temperatura_mitjana": 5.300000190734863
}