{
    "data": "2026-06-11",
    "temperatura_maxima": 36.43499755859375,
    "temperatura_minima": 12.098999977111816,
    "temperatura_mitjana": 24.049999237060547
}