{
    "data": "2025-09-23",
    "temperatura_maxima": 23.8489990234375,
    "temperatura_minima": 8.734999656677246,
    "temperatura_mitjana": 15.300000190734863
}