{
    "data": "2025-11-15",
    "temperatura_maxima": 18.499000549316406,
    "temperatura_minima": -0.014999985694885254,
    "temperatura_mitjana": 8.859999656677246
}