{
    "data": "2025-06-05",
    "temperatura_maxima": 32.68499755859375,
    "temperatura_minima": 14.948999404907227,
    "temperatura_mitjana": 23.15999984741211
}