{
    "data": "2026-05-20",
    "temperatura_maxima": 30.448999404907227,
    "temperatura_minima": 10.99899959564209,
    "temperatura_mitjana": 21.25
}