{
    "data": "2026-03-18",
    "temperatura_maxima": 19.935001373291016,
    "temperatura_minima": -0.8509999513626099,
    "temperatura_mitjana": 10.029999732971191
}