{
    "data": "2026-02-04",
    "temperatura_maxima": 14.298999786376953,
    "temperatura_minima": 0.8489999771118164,
    "temperatura_mitjana": 6.820000171661377
}