{
    "data": "2025-10-09",
    "temperatura_maxima": 24.499000549316406,
    "temperatura_minima": 9.984999656677246,
    "temperatura_mitjana": 16.959999084472656
}