{
    "data": "2026-04-10",
    "temperatura_maxima": 28.749000549316406,
    "temperatura_minima": 2.7850000858306885,
    "temperatura_mitjana": 14.34000015258789
}