{
    "data": "2025-09-17",
    "temperatura_maxima": 29.198999404907227,
    "temperatura_minima": 12.835000038146973,
    "temperatura_mitjana": 20.940000534057617
}