{
    "data": "2025-08-26",
    "temperatura_maxima": 33.89899826049805,
    "temperatura_minima": 14.448999404907227,
    "temperatura_mitjana": 22.729999542236328
}