{
    "data": "2025-07-06",
    "temperatura_maxima": 32.249000549316406,
    "temperatura_minima": 18.999000549316406,
    "temperatura_mitjana": 24.469999313354492
}