{
    "data": "2025-12-31",
    "temperatura_maxima": 9.948999404907227,
    "temperatura_minima": -0.5509999990463257,
    "temperatura_mitjana": 3.700000047683716
}