{
    "data": "2026-01-20",
    "temperatura_maxima": 11.99899959564209,
    "temperatura_minima": 1.0989999771118164,
    "temperatura_mitjana": 6.260000228881836
}