{
    "data": "2026-07-07",
    "temperatura_maxima": 40.499000549316406,
    "temperatura_minima": 17.298999786376953,
    "temperatura_mitjana": 28.84000015258789
}