{
    "data": "2026-01-30",
    "temperatura_maxima": 13.39900016784668,
    "temperatura_minima": 0.6350000500679016,
    "temperatura_mitjana": 6.170000076293945
}