{
    "data": "2025-05-20",
    "temperatura_maxima": 26.735000610351562,
    "temperatura_minima": 9.598999977111816,
    "temperatura_mitjana": 17.690000534057617
}