{
    "data": "2025-08-10",
    "temperatura_maxima": 37.94900131225586,
    "temperatura_minima": 17.685001373291016,
    "temperatura_mitjana": 27.84000015258789
}