{
    "data": "2026-01-24",
    "temperatura_maxima": 13.585000038146973,
    "temperatura_minima": 1.0490000247955322,
    "temperatura_mitjana": 6.619999885559082
}