{
    "data": "2025-09-22",
    "temperatura_maxima": 22.03499984741211,
    "temperatura_minima": 8.448999404907227,
    "temperatura_mitjana": 15.229999542236328
}