{
    "data": "2026-07-10",
    "temperatura_maxima": 38.04899978637695,
    "temperatura_minima": 17.39900016784668,
    "temperatura_mitjana": 27.530000686645508
}