{
    "data": "2025-10-11",
    "temperatura_maxima": 24.5989990234375,
    "temperatura_minima": 7.835000038146973,
    "temperatura_mitjana": 16.3700008392334
}