{
    "data": "2026-03-31",
    "temperatura_maxima": 23.948999404907227,
    "temperatura_minima": 1.8489999771118164,
    "temperatura_mitjana": 12.289999961853027
}