{
    "data": "2025-09-25",
    "temperatura_maxima": 24.89900016784668,
    "temperatura_minima": 9.798999786376953,
    "temperatura_mitjana": 16.729999542236328
}