{
    "data": "2026-06-26",
    "temperatura_maxima": 36.89899826049805,
    "temperatura_minima": 16.548999786376953,
    "temperatura_mitjana": 27.15999984741211
}