{
    "data": "2026-02-23",
    "temperatura_maxima": 21.8489990234375,
    "temperatura_minima": 2.3989999294281006,
    "temperatura_mitjana": 10.210000038146973
}