{
    "data": "2025-09-28",
    "temperatura_maxima": 25.298999786376953,
    "temperatura_minima": 11.885000228881836,
    "temperatura_mitjana": 17.809999465942383
}