{
    "data": "2025-12-26",
    "temperatura_maxima": 13.698999404907227,
    "temperatura_minima": -0.2149999737739563,
    "temperatura_mitjana": 7.130000114440918
}