{
    "data": "2026-03-27",
    "temperatura_maxima": 23.28499984741211,
    "temperatura_minima": -0.6510000228881836,
    "temperatura_mitjana": 11.319999694824219
}