{
    "data": "2025-10-08",
    "temperatura_maxima": 25.548999786376953,
    "temperatura_minima": 9.598999977111816,
    "temperatura_mitjana": 17.200000762939453
}