{
    "data": "2026-07-01",
    "temperatura_maxima": 37.334999084472656,
    "temperatura_minima": 16.548999786376953,
    "temperatura_mitjana": 26.469999313354492
}