{
    "data": "2026-02-22",
    "temperatura_maxima": 21.384998321533203,
    "temperatura_minima": 1.9490000009536743,
    "temperatura_mitjana": 10.460000038146973
}