{
    "data": "2026-02-11",
    "temperatura_maxima": 16.999000549316406,
    "temperatura_minima": 0.29899999499320984,
    "temperatura_mitjana": 10.130000114440918
}