{
    "data": "2026-01-31",
    "temperatura_maxima": 13.39900016784668,
    "temperatura_minima": 0.3850000500679016,
    "temperatura_mitjana": 6.690000057220459
}