{
    "data": "2026-07-06",
    "temperatura_maxima": 40.499000549316406,
    "temperatura_minima": 16.948999404907227,
    "temperatura_mitjana": 28.68000030517578
}