{
    "data": "2025-10-18",
    "temperatura_maxima": 25.235000610351562,
    "temperatura_minima": 11.848999977111816,
    "temperatura_mitjana": 17.399999618530273
}