{
    "data": "2026-06-09",
    "temperatura_maxima": 31.448999404907227,
    "temperatura_minima": 12.64900016784668,
    "temperatura_mitjana": 21.540000915527344
}