{
    "data": "2026-03-10",
    "temperatura_maxima": 18.798999786376953,
    "temperatura_minima": 1.0850000381469727,
    "temperatura_mitjana": 9.84000015258789
}