{
    "data": "2026-04-03",
    "temperatura_maxima": 24.749000549316406,
    "temperatura_minima": 3.3489999771118164,
    "temperatura_mitjana": 13.470000267028809
}