{
    "data": "2026-05-26",
    "temperatura_maxima": 36.69900131225586,
    "temperatura_minima": 10.698999404907227,
    "temperatura_mitjana": 24.229999542236328
}