{
    "data": "2025-06-01",
    "temperatura_maxima": 31.999000549316406,
    "temperatura_minima": 13.598999977111816,
    "temperatura_mitjana": 22.34000015258789
}