{
    "data": "2025-10-26",
    "temperatura_maxima": 22.884998321533203,
    "temperatura_minima": 4.198999881744385,
    "temperatura_mitjana": 13.020000457763672
}