{
    "data": "2025-08-30",
    "temperatura_maxima": 30.435001373291016,
    "temperatura_minima": 13.24899959564209,
    "temperatura_mitjana": 21.260000228881836
}