{
    "data": "2025-10-15",
    "temperatura_maxima": 22.499000549316406,
    "temperatura_minima": 9.1850004196167,
    "temperatura_mitjana": 16.1299991607666
}