{
    "data": "2025-12-19",
    "temperatura_maxima": 13.098999977111816,
    "temperatura_minima": 0.24899999797344208,
    "temperatura_mitjana": 6.360000133514404
}