{
    "data": "2025-10-05",
    "temperatura_maxima": 24.499000549316406,
    "temperatura_minima": 9.048999786376953,
    "temperatura_mitjana": 17.079999923706055
}