{
    "data": "2026-04-06",
    "temperatura_maxima": 29.448999404907227,
    "temperatura_minima": 2.8989999294281006,
    "temperatura_mitjana": 16.059999465942383
}