{
    "data": "2025-05-24",
    "temperatura_maxima": 34.23500061035156,
    "temperatura_minima": 8.74899959564209,
    "temperatura_mitjana": 20.239999771118164
}