{
    "data": "2025-10-17",
    "temperatura_maxima": 24.235000610351562,
    "temperatura_minima": 11.348999977111816,
    "temperatura_mitjana": 17.079999923706055
}