{
    "data": "2025-09-02",
    "temperatura_maxima": 31.685001373291016,
    "temperatura_minima": 13.298999786376953,
    "temperatura_mitjana": 22.520000457763672
}