{
    "data": "2026-07-02",
    "temperatura_maxima": 39.43499755859375,
    "temperatura_minima": 15.49899959564209,
    "temperatura_mitjana": 27.1200008392334
}