{
    "data": "2025-05-19",
    "temperatura_maxima": 26.249000549316406,
    "temperatura_minima": 10.085000038146973,
    "temperatura_mitjana": 17.540000915527344
}