{
    "data": "2026-07-09",
    "temperatura_maxima": 39.14899826049805,
    "temperatura_minima": 16.89900016784668,
    "temperatura_mitjana": 27.5
}