{
    "data": "2026-06-17",
    "temperatura_maxima": 39.584999084472656,
    "temperatura_minima": 15.49899959564209,
    "temperatura_mitjana": 27.030000686645508
}