{
    "data": "2025-06-19",
    "temperatura_maxima": 39.084999084472656,
    "temperatura_minima": 15.298999786376953,
    "temperatura_mitjana": 27.110000610351562
}