{
    "data": "2026-05-30",
    "temperatura_maxima": 33.64899826049805,
    "temperatura_minima": 12.698999404907227,
    "temperatura_mitjana": 22.229999542236328
}