{
    "data": "2025-08-02",
    "temperatura_maxima": 36.55099868774414,
    "temperatura_minima": 16.948999404907227,
    "temperatura_mitjana": 25.5
}