{
    "data": "2026-05-10",
    "temperatura_maxima": 24.298999786376953,
    "temperatura_minima": 8.098999977111816,
    "temperatura_mitjana": 15.1899995803833
}