{
    "data": "2025-12-10",
    "temperatura_maxima": 17.14900016784668,
    "temperatura_minima": 1.6990000009536743,
    "temperatura_mitjana": 7.550000190734863
}