{
    "data": "2025-10-23",
    "temperatura_maxima": 23.0989990234375,
    "temperatura_minima": 4.198999881744385,
    "temperatura_mitjana": 13.529999732971191
}