{
    "data": "2026-06-22",
    "temperatura_maxima": 39.04899978637695,
    "temperatura_minima": 16.749000549316406,
    "temperatura_mitjana": 27.1200008392334
}