{
    "data": "2026-04-05",
    "temperatura_maxima": 28.64900016784668,
    "temperatura_minima": 3.499000072479248,
    "temperatura_mitjana": 15.40999984741211
}