{
    "data": "2025-06-14",
    "temperatura_maxima": 35.03499984741211,
    "temperatura_minima": 15.848999977111816,
    "temperatura_mitjana": 25.739999771118164
}