{
    "data": "2025-07-04",
    "temperatura_maxima": 36.0989990234375,
    "temperatura_minima": 17.548999786376953,
    "temperatura_mitjana": 25.049999237060547
}