{
    "data": "2025-12-18",
    "temperatura_maxima": 12.89900016784668,
    "temperatura_minima": 2.684999942779541,
    "temperatura_mitjana": 7.75
}