{
    "data": "2025-08-28",
    "temperatura_maxima": 28.89900016784668,
    "temperatura_minima": 13.698999404907227,
    "temperatura_mitjana": 21.469999313354492
}