{
    "data": "2025-07-20",
    "temperatura_maxima": 33.94900131225586,
    "temperatura_minima": 15.835000038146973,
    "temperatura_mitjana": 23.809999465942383
}