{
    "data": "2025-12-24",
    "temperatura_maxima": 12.598999977111816,
    "temperatura_minima": 0.6990000009536743,
    "temperatura_mitjana": 6.199999809265137
}