{
    "data": "2025-05-26",
    "temperatura_maxima": 34.8489990234375,
    "temperatura_minima": 11.948999404907227,
    "temperatura_mitjana": 22.549999237060547
}