{
    "data": "2026-04-08",
    "temperatura_maxima": 28.3489990234375,
    "temperatura_minima": 3.4850001335144043,
    "temperatura_mitjana": 14.079999923706055
}