{
    "data": "2025-09-01",
    "temperatura_maxima": 31.048999786376953,
    "temperatura_minima": 12.64900016784668,
    "temperatura_mitjana": 21.729999542236328
}