{
    "data": "2026-01-19",
    "temperatura_maxima": 11.598999977111816,
    "temperatura_minima": -0.050999999046325684,
    "temperatura_mitjana": 6.349999904632568
}