{
    "data": "2025-12-12",
    "temperatura_maxima": 14.89900016784668,
    "temperatura_minima": 2.0989999771118164,
    "temperatura_mitjana": 8.109999656677246
}