{
    "data": "2026-05-12",
    "temperatura_maxima": 24.134998321533203,
    "temperatura_minima": 4.99899959564209,
    "temperatura_mitjana": 14.75
}