{
    "data": "2025-07-16",
    "temperatura_maxima": 35.04899978637695,
    "temperatura_minima": 17.78499984741211,
    "temperatura_mitjana": 25.540000915527344
}