{
    "data": "2025-06-24",
    "temperatura_maxima": 37.93499755859375,
    "temperatura_minima": 17.5989990234375,
    "temperatura_mitjana": 27.350000381469727
}