{
    "data": "2026-03-02",
    "temperatura_maxima": 18.64900016784668,
    "temperatura_minima": 2.7990000247955322,
    "temperatura_mitjana": 10.960000038146973
}