{
    "data": "2026-02-08",
    "temperatura_maxima": 17.999000549316406,
    "temperatura_minima": 1.0989999771118164,
    "temperatura_mitjana": 10.229999542236328
}