{
    "data": "2025-10-10",
    "temperatura_maxima": 25.14900016784668,
    "temperatura_minima": 9.585000038146973,
    "temperatura_mitjana": 16.6299991607666
}