{
    "data": "2025-11-19",
    "temperatura_maxima": 15.835000038146973,
    "temperatura_minima": -1.1009999513626099,
    "temperatura_mitjana": 6.230000019073486
}