{
    "data": "2026-04-09",
    "temperatura_maxima": 28.298999786376953,
    "temperatura_minima": 2.0850000381469727,
    "temperatura_mitjana": 14.1899995803833
}