{
    "data": "2026-03-24",
    "temperatura_maxima": 20.548999786376953,
    "temperatura_minima": -2.0149998664855957,
    "temperatura_mitjana": 10.029999732971191
}