{
    "data": "2025-08-31",
    "temperatura_maxima": 30.735000610351562,
    "temperatura_minima": 12.548999786376953,
    "temperatura_mitjana": 21.6200008392334
}