{
    "data": "2026-05-11",
    "temperatura_maxima": 23.5989990234375,
    "temperatura_minima": 5.335000038146973,
    "temperatura_mitjana": 14.920000076293945
}