{
    "data": "2026-02-13",
    "temperatura_maxima": 18.048999786376953,
    "temperatura_minima": 0.9490000009536743,
    "temperatura_mitjana": 9.270000457763672
}