{
    "data": "2025-05-28",
    "temperatura_maxima": 32.94900131225586,
    "temperatura_minima": 13.048999786376953,
    "temperatura_mitjana": 21.8700008392334
}