{
    "data": "2025-10-14",
    "temperatura_maxima": 23.53499984741211,
    "temperatura_minima": 11.698999404907227,
    "temperatura_mitjana": 16.719999313354492
}