{
    "data": "2025-10-06",
    "temperatura_maxima": 25.798999786376953,
    "temperatura_minima": 8.098999977111816,
    "temperatura_mitjana": 16.770000457763672
}