{
    "data": "2026-07-12",
    "temperatura_maxima": 39.03499984741211,
    "temperatura_minima": 17.78499984741211,
    "temperatura_mitjana": 27.889999389648438
}