{
    "data": "2025-08-06",
    "temperatura_maxima": 37.43499755859375,
    "temperatura_minima": 17.499000549316406,
    "temperatura_mitjana": 25.93000030517578
}