{
    "data": "2025-07-12",
    "temperatura_maxima": 35.78499984741211,
    "temperatura_minima": 17.89900016784668,
    "temperatura_mitjana": 25.399999618530273
}