{
    "data": "2025-07-15",
    "temperatura_maxima": 35.29899978637695,
    "temperatura_minima": 18.0989990234375,
    "temperatura_mitjana": 26.31999969482422
}