{
    "data": "2025-11-21",
    "temperatura_maxima": 15.39900016784668,
    "temperatura_minima": -1.250999927520752,
    "temperatura_mitjana": 6.429999828338623
}