{
    "data": "2025-06-06",
    "temperatura_maxima": 33.03499984741211,
    "temperatura_minima": 14.048999786376953,
    "temperatura_mitjana": 23.209999084472656
}