{
    "data": "2025-06-25",
    "temperatura_maxima": 37.18499755859375,
    "temperatura_minima": 17.448999404907227,
    "temperatura_mitjana": 27.1299991607666
}