{
    "data": "2025-10-30",
    "temperatura_maxima": 22.698999404907227,
    "temperatura_minima": 5.885000228881836,
    "temperatura_mitjana": 13.529999732971191
}