{
    "data": "2025-12-14",
    "temperatura_maxima": 15.14900016784668,
    "temperatura_minima": 2.3989999294281006,
    "temperatura_mitjana": 8.15999984741211
}