{
    "data": "2025-06-10",
    "temperatura_maxima": 35.499000549316406,
    "temperatura_minima": 16.548999786376953,
    "temperatura_mitjana": 24.649999618530273
}