{
    "data": "2026-03-25",
    "temperatura_maxima": 22.435001373291016,
    "temperatura_minima": -0.014999985694885254,
    "temperatura_mitjana": 10.59000015258789
}