{
    "data": "2026-05-25",
    "temperatura_maxima": 35.999000549316406,
    "temperatura_minima": 10.448999404907227,
    "temperatura_mitjana": 22.65999984741211
}