{
    "data": "2025-05-22",
    "temperatura_maxima": 29.584999084472656,
    "temperatura_minima": 9.098999977111816,
    "temperatura_mitjana": 18.350000381469727
}