{
    "data": "2025-05-25",
    "temperatura_maxima": 35.23500061035156,
    "temperatura_minima": 10.548999786376953,
    "temperatura_mitjana": 21.450000762939453
}