{
    "data": "2025-08-12",
    "temperatura_maxima": 39.499000549316406,
    "temperatura_minima": 19.499000549316406,
    "temperatura_mitjana": 28.200000762939453
}