{
    "data": "2025-10-21",
    "temperatura_maxima": 25.198999404907227,
    "temperatura_minima": 3.434999942779541,
    "temperatura_mitjana": 14.3100004196167
}