{
    "data": "2025-09-15",
    "temperatura_maxima": 30.499000549316406,
    "temperatura_minima": 14.9350004196167,
    "temperatura_mitjana": 22.18000030517578
}