{
    "data": "2025-12-01",
    "temperatura_maxima": 13.53499984741211,
    "temperatura_minima": -1.8650000095367432,
    "temperatura_mitjana": 4.570000171661377
}