{
    "data": "2025-12-07",
    "temperatura_maxima": 16.099000930786133,
    "temperatura_minima": 1.4350000619888306,
    "temperatura_mitjana": 6.880000114440918
}