{
    "data": "2025-08-03",
    "temperatura_maxima": 36.98500061035156,
    "temperatura_minima": 17.14900016784668,
    "temperatura_mitjana": 25.65999984741211
}