{
    "data": "2026-07-16",
    "temperatura_maxima": 38.39899826049805,
    "temperatura_minima": 18.235000610351562,
    "temperatura_mitjana": 27.690000534057617
}