{
    "data": "2025-06-20",
    "temperatura_maxima": 38.334999084472656,
    "temperatura_minima": 16.298999786376953,
    "temperatura_mitjana": 26.729999542236328
}