{
    "data": "2026-04-23",
    "temperatura_maxima": 24.999000549316406,
    "temperatura_minima": 6.49899959564209,
    "temperatura_mitjana": 15.710000038146973
}