{
    "data": "2025-07-08",
    "temperatura_maxima": 33.53499984741211,
    "temperatura_minima": 17.53499984741211,
    "temperatura_mitjana": 23.989999771118164
}