{
    "data": "2026-02-19",
    "temperatura_maxima": 19.634998321533203,
    "temperatura_minima": 1.8489999771118164,
    "temperatura_mitjana": 9.680000305175781
}