{
    "data": "2026-02-18",
    "temperatura_maxima": 20.134998321533203,
    "temperatura_minima": 2.0490000247955322,
    "temperatura_mitjana": 9.720000267028809
}