{
    "data": "2025-07-24",
    "temperatura_maxima": 31.384998321533203,
    "temperatura_minima": 14.03499984741211,
    "temperatura_mitjana": 22.450000762939453
}