{
    "data": "2025-09-19",
    "temperatura_maxima": 28.448999404907227,
    "temperatura_minima": 8.9350004196167,
    "temperatura_mitjana": 18.559999465942383
}