{
    "data": "2025-06-07",
    "temperatura_maxima": 33.8489990234375,
    "temperatura_minima": 13.49899959564209,
    "temperatura_mitjana": 23.579999923706055
}