{
    "data": "2025-10-12",
    "temperatura_maxima": 23.8489990234375,
    "temperatura_minima": 9.448999404907227,
    "temperatura_mitjana": 16.260000228881836
}