{
    "data": "2026-05-21",
    "temperatura_maxima": 33.1349983215332,
    "temperatura_minima": 10.03499984741211,
    "temperatura_mitjana": 21.329999923706055
}