{
    "data": "2026-02-26",
    "temperatura_maxima": 19.499000549316406,
    "temperatura_minima": 1.6490000486373901,
    "temperatura_mitjana": 10.119999885559082
}