{
    "data": "2026-04-04",
    "temperatura_maxima": 28.03499984741211,
    "temperatura_minima": 3.199000120162964,
    "temperatura_mitjana": 15.15999984741211
}