{
    "data": "2025-09-13",
    "temperatura_maxima": 31.185001373291016,
    "temperatura_minima": 17.084999084472656,
    "temperatura_mitjana": 22.709999084472656
}