{
    "data": "2026-04-25",
    "temperatura_maxima": 26.5989990234375,
    "temperatura_minima": 8.298999786376953,
    "temperatura_mitjana": 16.010000228881836
}