{
    "data": "2025-12-03",
    "temperatura_maxima": 18.834999084472656,
    "temperatura_minima": -1.000999927520752,
    "temperatura_mitjana": 6.78000020980835
}