{
    "data": "2026-04-24",
    "temperatura_maxima": 26.3489990234375,
    "temperatura_minima": 6.298999786376953,
    "temperatura_mitjana": 16.59000015258789
}