{
    "data": "2025-09-20",
    "temperatura_maxima": 28.298999786376953,
    "temperatura_minima": 9.14900016784668,
    "temperatura_mitjana": 17.950000762939453
}