{
    "data": "2025-06-03",
    "temperatura_maxima": 31.548999786376953,
    "temperatura_minima": 14.098999977111816,
    "temperatura_mitjana": 22.270000457763672
}