{
    "data": "2026-04-12",
    "temperatura_maxima": 24.185001373291016,
    "temperatura_minima": 4.598999977111816,
    "temperatura_mitjana": 14.420000076293945
}