{
    "data": "2025-07-25",
    "temperatura_maxima": 32.93499755859375,
    "temperatura_minima": 14.74899959564209,
    "temperatura_mitjana": 22.709999084472656
}