{
    "data": "2026-02-27",
    "temperatura_maxima": 18.698999404907227,
    "temperatura_minima": 3.3489999771118164,
    "temperatura_mitjana": 10.369999885559082
}