{
    "data": "2026-01-22",
    "temperatura_maxima": 11.798999786376953,
    "temperatura_minima": 0.4490000009536743,
    "temperatura_mitjana": 5.510000228881836
}