{
    "data": "2026-02-25",
    "temperatura_maxima": 19.698999404907227,
    "temperatura_minima": 2.8489999771118164,
    "temperatura_mitjana": 10.699999809265137
}