{
    "data": "2025-07-17",
    "temperatura_maxima": 33.999000549316406,
    "temperatura_minima": 16.135000228881836,
    "temperatura_mitjana": 25.549999237060547
}