{
    "data": "2025-11-09",
    "temperatura_maxima": 20.999000549316406,
    "temperatura_minima": 4.098999977111816,
    "temperatura_mitjana": 11.390000343322754
}