{
    "data": "2025-09-16",
    "temperatura_maxima": 30.14900016784668,
    "temperatura_minima": 15.048999786376953,
    "temperatura_mitjana": 21.540000915527344
}