{
    "data": "2025-05-30",
    "temperatura_maxima": 33.19900131225586,
    "temperatura_minima": 15.048999786376953,
    "temperatura_mitjana": 23.530000686645508
}