{
    "data": "2026-03-01",
    "temperatura_maxima": 17.448999404907227,
    "temperatura_minima": 2.0350000858306885,
    "temperatura_mitjana": 10.710000038146973
}