{
    "data": "2025-08-27",
    "temperatura_maxima": 31.698999404907227,
    "temperatura_minima": 13.798999786376953,
    "temperatura_mitjana": 22.200000762939453
}