{
    "data": "2025-06-13",
    "temperatura_maxima": 37.334999084472656,
    "temperatura_minima": 16.099000930786133,
    "temperatura_mitjana": 26.100000381469727
}