{
    "data": "2025-09-09",
    "temperatura_maxima": 28.735000610351562,
    "temperatura_minima": 13.49899959564209,
    "temperatura_mitjana": 21.270000457763672
}