{
    "data": "2025-07-22",
    "temperatura_maxima": 31.548999786376953,
    "temperatura_minima": 16.298999786376953,
    "temperatura_mitjana": 22.84000015258789
}