{
    "data": "2025-12-29",
    "temperatura_maxima": 14.9350004196167,
    "temperatura_minima": -0.9010000228881836,
    "temperatura_mitjana": 5.510000228881836
}