{
    "data": "2025-05-23",
    "temperatura_maxima": 31.485000610351562,
    "temperatura_minima": 8.64900016784668,
    "temperatura_mitjana": 19.549999237060547
}