{
    "data": "2025-06-23",
    "temperatura_maxima": 38.04899978637695,
    "temperatura_minima": 17.14900016784668,
    "temperatura_mitjana": 27.200000762939453
}