{
    "data": "2025-07-01",
    "temperatura_maxima": 38.499000549316406,
    "temperatura_minima": 18.198999404907227,
    "temperatura_mitjana": 25.889999389648438
}