{
    "data": "2025-08-08",
    "temperatura_maxima": 38.39899826049805,
    "temperatura_minima": 18.048999786376953,
    "temperatura_mitjana": 27.399999618530273
}