{
    "data": "2025-10-03",
    "temperatura_maxima": 27.235000610351562,
    "temperatura_minima": 7.8989996910095215,
    "temperatura_mitjana": 17.25
}