{
    "data": "2026-04-17",
    "temperatura_maxima": 27.3489990234375,
    "temperatura_minima": 6.735000133514404,
    "temperatura_mitjana": 16.1299991607666
}