{
    "data": "2026-06-28",
    "temperatura_maxima": 36.499000549316406,
    "temperatura_minima": 16.798999786376953,
    "temperatura_mitjana": 26.469999313354492
}