{
    "data": "2026-07-24",
    "temperatura_maxima": 37.23500061035156,
    "temperatura_minima": 16.64900016784668,
    "temperatura_mitjana": 26.280000686645508
}