{
    "data": "2025-09-06",
    "temperatura_maxima": 30.048999786376953,
    "temperatura_minima": 13.99899959564209,
    "temperatura_mitjana": 21.540000915527344
}