{
    "data": "2025-08-05",
    "temperatura_maxima": 34.48500061035156,
    "temperatura_minima": 17.14900016784668,
    "temperatura_mitjana": 25.420000076293945
}