{
    "data": "2026-07-13",
    "temperatura_maxima": 39.94900131225586,
    "temperatura_minima": 18.14900016784668,
    "temperatura_mitjana": 26.889999389648438
}