{
    "data": "2026-02-06",
    "temperatura_maxima": 15.03499984741211,
    "temperatura_minima": 0.6990000009536743,
    "temperatura_mitjana": 8.680000305175781
}