{
    "data": "2026-05-31",
    "temperatura_maxima": 32.04899978637695,
    "temperatura_minima": 13.03499984741211,
    "temperatura_mitjana": 20.799999237060547
}