{
    "data": "2026-06-15",
    "temperatura_maxima": 37.3849983215332,
    "temperatura_minima": 15.348999977111816,
    "temperatura_mitjana": 25.579999923706055
}