{
    "data": "2026-03-30",
    "temperatura_maxima": 22.185001373291016,
    "temperatura_minima": 0.5989999771118164,
    "temperatura_mitjana": 12.279999732971191
}