{
    "data": "2025-06-17",
    "temperatura_maxima": 36.04899978637695,
    "temperatura_minima": 16.198999404907227,
    "temperatura_mitjana": 25.760000228881836
}