{
    "data": "2026-05-08",
    "temperatura_maxima": 23.834999084472656,
    "temperatura_minima": 6.548999786376953,
    "temperatura_mitjana": 15.609999656677246
}