{
    "data": "2026-06-21",
    "temperatura_maxima": 39.3489990234375,
    "temperatura_minima": 16.548999786376953,
    "temperatura_mitjana": 27.3700008392334
}