{
    "data": "2026-06-14",
    "temperatura_maxima": 35.084999084472656,
    "temperatura_minima": 13.03499984741211,
    "temperatura_mitjana": 24.579999923706055
}