{
    "data": "2025-08-29",
    "temperatura_maxima": 30.235000610351562,
    "temperatura_minima": 12.948999404907227,
    "temperatura_mitjana": 21.3799991607666
}