{
    "data": "2026-05-07",
    "temperatura_maxima": 25.64900016784668,
    "temperatura_minima": 5.798999786376953,
    "temperatura_mitjana": 16.15999984741211
}