{
    "data": "2025-08-22",
    "temperatura_maxima": 31.499000549316406,
    "temperatura_minima": 17.0989990234375,
    "temperatura_mitjana": 23.200000762939453
}