{
    "data": "2025-07-07",
    "temperatura_maxima": 32.78499984741211,
    "temperatura_minima": 18.084999084472656,
    "temperatura_mitjana": 24.229999542236328
}