{
    "data": "2025-10-29",
    "temperatura_maxima": 22.749000549316406,
    "temperatura_minima": 5.085000038146973,
    "temperatura_mitjana": 13.15999984741211
}