{
    "data": "2025-10-20",
    "temperatura_maxima": 26.8489990234375,
    "temperatura_minima": 7.534999847412109,
    "temperatura_mitjana": 17.100000381469727
}