{
    "data": "2025-11-01",
    "temperatura_maxima": 21.298999786376953,
    "temperatura_minima": 6.348999977111816,
    "temperatura_mitjana": 13.3100004196167
}