{
    "data": "2025-08-18",
    "temperatura_maxima": 34.0989990234375,
    "temperatura_minima": 16.084999084472656,
    "temperatura_mitjana": 23.5
}