{
    "data": "2026-06-29",
    "temperatura_maxima": 37.8849983215332,
    "temperatura_minima": 17.448999404907227,
    "temperatura_mitjana": 26.809999465942383
}