{
    "data": "2025-05-31",
    "temperatura_maxima": 33.19900131225586,
    "temperatura_minima": 15.198999404907227,
    "temperatura_mitjana": 22.450000762939453
}