{
    "data": "2025-10-25",
    "temperatura_maxima": 22.084999084472656,
    "temperatura_minima": 4.3989996910095215,
    "temperatura_mitjana": 13.420000076293945
}