{
    "data": "2025-11-22",
    "temperatura_maxima": 15.53499984741211,
    "temperatura_minima": -2.815000057220459,
    "temperatura_mitjana": 6.159999847412109
}