{
    "data": "2026-02-07",
    "temperatura_maxima": 17.698999404907227,
    "temperatura_minima": 1.1990000009536743,
    "temperatura_mitjana": 9.9399995803833
}