{
    "data": "2026-05-14",
    "temperatura_maxima": 27.584999084472656,
    "temperatura_minima": 5.198999881744385,
    "temperatura_mitjana": 15.539999961853027
}