{
    "data": "2025-08-15",
    "temperatura_maxima": 41.44900131225586,
    "temperatura_minima": 17.53499984741211,
    "temperatura_mitjana": 26.0
}