{
    "data": "2026-03-22",
    "temperatura_maxima": 20.749000549316406,
    "temperatura_minima": -2.4149999618530273,
    "temperatura_mitjana": 9.5600004196167
}