{
    "data": "2025-06-15",
    "temperatura_maxima": 36.18499755859375,
    "temperatura_minima": 16.499000549316406,
    "temperatura_mitjana": 25.719999313354492
}