{
    "data": "2026-03-12",
    "temperatura_maxima": 18.948999404907227,
    "temperatura_minima": 2.0989999771118164,
    "temperatura_mitjana": 9.960000038146973
}