{
    "data": "2025-12-16",
    "temperatura_maxima": 14.348999977111816,
    "temperatura_minima": 3.2850000858306885,
    "temperatura_mitjana": 8.100000381469727
}