{
    "data": "2025-05-17",
    "temperatura_maxima": 26.834999084472656,
    "temperatura_minima": 9.39900016784668,
    "temperatura_mitjana": 17.8700008392334
}